the-algorithms-maths	absolute_value.ts::%dflt::%AM0$%dflt/1#s3:0->4
the-algorithms-maths	absolute_value.ts::%dflt::%AM0$%dflt/1#s3:1->6
the-algorithms-maths	aliquot_sum.ts::%dflt::%AM0$%dflt/1#s10:0->11
the-algorithms-maths	aliquot_sum.ts::%dflt::%AM0$%dflt/1#s10:1->15
the-algorithms-maths	aliquot_sum.ts::%dflt::%AM0$%dflt/1#s17:0->18
the-algorithms-maths	aliquot_sum.ts::%dflt::%AM0$%dflt/1#s17:1->31
the-algorithms-maths	aliquot_sum.ts::%dflt::%AM0$%dflt/1#s22:0->23
the-algorithms-maths	aliquot_sum.ts::%dflt::%AM0$%dflt/1#s22:1->30
the-algorithms-maths	aliquot_sum.ts::%dflt::%AM0$%dflt/1#s25:0->26
the-algorithms-maths	aliquot_sum.ts::%dflt::%AM0$%dflt/1#s25:1->27
the-algorithms-maths	aliquot_sum.ts::%dflt::%AM0$%dflt/1#s4:0->5
the-algorithms-maths	aliquot_sum.ts::%dflt::%AM0$%dflt/1#s4:1->9
the-algorithms-maths	armstrong_number.ts::%dflt::%AM0$%dflt/1#s16:0->17
the-algorithms-maths	armstrong_number.ts::%dflt::%AM0$%dflt/1#s16:1->22
the-algorithms-maths	armstrong_number.ts::%dflt::%AM0$%dflt/1#s7:0->8
the-algorithms-maths	armstrong_number.ts::%dflt::%AM0$%dflt/1#s7:1->10
the-algorithms-maths	binary_convert.ts::%dflt::%AM0$%dflt/1#s4:0->5
the-algorithms-maths	binary_convert.ts::%dflt::%AM0$%dflt/1#s4:1->9
the-algorithms-maths	binomial_coefficient.ts::%dflt::%AM0$%dflt/2#s7:0->8
the-algorithms-maths	binomial_coefficient.ts::%dflt::%AM0$%dflt/2#s7:1->10
the-algorithms-maths	digit_sum.ts::%dflt::%AM0$%dflt/1#s14:0->15
the-algorithms-maths	digit_sum.ts::%dflt::%AM0$%dflt/1#s14:1->19
the-algorithms-maths	digit_sum.ts::%dflt::%AM0$%dflt/1#s7:0->8
the-algorithms-maths	digit_sum.ts::%dflt::%AM0$%dflt/1#s7:1->12
the-algorithms-maths	double_factorial_iterative.ts::%dflt::%AM0$%dflt/1#s11:0->12
the-algorithms-maths	double_factorial_iterative.ts::%dflt::%AM0$%dflt/1#s11:1->14
the-algorithms-maths	double_factorial_iterative.ts::%dflt::%AM0$%dflt/1#s3:0->4
the-algorithms-maths	double_factorial_iterative.ts::%dflt::%AM0$%dflt/1#s3:1->8
the-algorithms-maths	euler_totient.ts::%dflt::%AM0$%dflt/1#s13:0->14
the-algorithms-maths	euler_totient.ts::%dflt::%AM0$%dflt/1#s13:1->15
the-algorithms-maths	euler_totient.ts::%dflt::%AM0$%dflt/1#s22:0->23
the-algorithms-maths	euler_totient.ts::%dflt::%AM0$%dflt/1#s22:1->26
the-algorithms-maths	euler_totient.ts::%dflt::%AM0$%dflt/1#s6:0->7
the-algorithms-maths	euler_totient.ts::%dflt::%AM0$%dflt/1#s6:1->21
the-algorithms-maths	euler_totient.ts::%dflt::%AM0$%dflt/1#s9:0->10
the-algorithms-maths	euler_totient.ts::%dflt::%AM0$%dflt/1#s9:1->18
the-algorithms-maths	factorial.ts::%dflt::%AM0$%dflt/1#s13:0->14
the-algorithms-maths	factorial.ts::%dflt::%AM0$%dflt/1#s13:1->16
the-algorithms-maths	factorial.ts::%dflt::%AM0$%dflt/1#s7:0->8
the-algorithms-maths	factorial.ts::%dflt::%AM0$%dflt/1#s7:1->12
the-algorithms-maths	factors.ts::%dflt::%AM0$%dflt/1#s18:0->19
the-algorithms-maths	factors.ts::%dflt::%AM0$%dflt/1#s18:1->29
the-algorithms-maths	factors.ts::%dflt::%AM0$%dflt/1#s21:0->22
the-algorithms-maths	factors.ts::%dflt::%AM0$%dflt/1#s21:1->26
the-algorithms-maths	factors.ts::%dflt::%AM0$%dflt/1#s7:0->8
the-algorithms-maths	factors.ts::%dflt::%AM0$%dflt/1#s7:1->12
the-algorithms-maths	fibonacci.ts::%dflt::%AM0$%dflt/1#s14:0->15
the-algorithms-maths	fibonacci.ts::%dflt::%AM0$%dflt/1#s14:1->19
the-algorithms-maths	fibonacci.ts::%dflt::%AM0$%dflt/1#s20:0->21
the-algorithms-maths	fibonacci.ts::%dflt::%AM0$%dflt/1#s20:1->23
the-algorithms-maths	fibonacci.ts::%dflt::%AM0$%dflt/1#s27:0->28
the-algorithms-maths	fibonacci.ts::%dflt::%AM0$%dflt/1#s27:1->31
the-algorithms-maths	fibonacci.ts::%dflt::%AM0$%dflt/1#s4:0->5
the-algorithms-maths	fibonacci.ts::%dflt::%AM0$%dflt/1#s4:1->9
the-algorithms-maths	fibonacci.ts::%dflt::%AM1$%dflt/1#s3:0->4
the-algorithms-maths	fibonacci.ts::%dflt::%AM1$%dflt/1#s3:1->6
the-algorithms-maths	fibonacci.ts::%dflt::%AM1$%dflt/1#s7:0->8
the-algorithms-maths	fibonacci.ts::%dflt::%AM1$%dflt/1#s7:1->10
the-algorithms-maths	greatest_common_factor.ts::%dflt::%AM0$%dflt/2#s13:0->14
the-algorithms-maths	greatest_common_factor.ts::%dflt::%AM0$%dflt/2#s13:1->18
the-algorithms-maths	greatest_common_factor.ts::%dflt::%AM0$%dflt/2#s20:0->21
the-algorithms-maths	greatest_common_factor.ts::%dflt::%AM0$%dflt/2#s20:1->22
the-algorithms-maths	hamming_distance.ts::%dflt::%AM0$%dflt/2#s15:0->16
the-algorithms-maths	hamming_distance.ts::%dflt::%AM0$%dflt/2#s15:1->25
the-algorithms-maths	hamming_distance.ts::%dflt::%AM0$%dflt/2#s19:0->20
the-algorithms-maths	hamming_distance.ts::%dflt::%AM0$%dflt/2#s19:1->22
the-algorithms-maths	hamming_distance.ts::%dflt::%AM0$%dflt/2#s6:0->7
the-algorithms-maths	hamming_distance.ts::%dflt::%AM0$%dflt/2#s6:1->11
the-algorithms-maths	hexagonal_numbers.ts::%dflt::%AM0$%dflt/1#s14:0->15
the-algorithms-maths	hexagonal_numbers.ts::%dflt::%AM0$%dflt/1#s14:1->19
the-algorithms-maths	hexagonal_numbers.ts::%dflt::%AM0$%dflt/1#s23:0->24
the-algorithms-maths	hexagonal_numbers.ts::%dflt::%AM0$%dflt/1#s23:1->30
the-algorithms-maths	hexagonal_numbers.ts::%dflt::%AM0$%dflt/1#s4:0->5
the-algorithms-maths	hexagonal_numbers.ts::%dflt::%AM0$%dflt/1#s4:1->9
the-algorithms-maths	is_divisible.ts::%dflt::%AM0$%dflt/2#s4:0->5
the-algorithms-maths	is_divisible.ts::%dflt::%AM0$%dflt/2#s4:1->9
the-algorithms-maths	is_even.ts::%dflt::%AM0$%dflt/1#s4:0->5
the-algorithms-maths	is_even.ts::%dflt::%AM0$%dflt/1#s4:1->8
the-algorithms-maths	is_leap_year.ts::%dflt::%AM0$%dflt/1#s7:0->8
the-algorithms-maths	is_leap_year.ts::%dflt::%AM0$%dflt/1#s7:1->12
the-algorithms-maths	is_odd.ts::%dflt::%AM0$%dflt/1#s4:0->5
the-algorithms-maths	is_odd.ts::%dflt::%AM0$%dflt/1#s4:1->8
the-algorithms-maths	is_palindrome.ts::%dflt::%AM0$%dflt/1#s14:0->15
the-algorithms-maths	is_palindrome.ts::%dflt::%AM0$%dflt/1#s14:1->20
the-algorithms-maths	is_palindrome.ts::%dflt::%AM0$%dflt/1#s9:0->10
the-algorithms-maths	is_palindrome.ts::%dflt::%AM0$%dflt/1#s9:1->12
the-algorithms-maths	is_square_free.ts::%dflt::%AM0$%dflt/1#s10:0->11
the-algorithms-maths	is_square_free.ts::%dflt::%AM0$%dflt/1#s10:1->12
the-algorithms-maths	is_square_free.ts::%dflt::%AM0$%dflt/1#s14:0->15
the-algorithms-maths	is_square_free.ts::%dflt::%AM0$%dflt/1#s14:1->17
the-algorithms-maths	is_square_free.ts::%dflt::%AM0$%dflt/1#s20:0->21
the-algorithms-maths	is_square_free.ts::%dflt::%AM0$%dflt/1#s20:1->33
the-algorithms-maths	is_square_free.ts::%dflt::%AM0$%dflt/1#s23:0->24
the-algorithms-maths	is_square_free.ts::%dflt::%AM0$%dflt/1#s23:1->31
the-algorithms-maths	is_square_free.ts::%dflt::%AM0$%dflt/1#s27:0->28
the-algorithms-maths	is_square_free.ts::%dflt::%AM0$%dflt/1#s27:1->30
the-algorithms-maths	is_square_free.ts::%dflt::%AM0$%dflt/1#s3:0->4
the-algorithms-maths	is_square_free.ts::%dflt::%AM0$%dflt/1#s3:1->8
the-algorithms-maths	juggler_sequence.ts::%dflt::%AM0$%dflt/2#s6:0->7
the-algorithms-maths	juggler_sequence.ts::%dflt::%AM0$%dflt/2#s6:1->17
the-algorithms-maths	juggler_sequence.ts::%dflt::%AM0$%dflt/2#s9:0->10
the-algorithms-maths	juggler_sequence.ts::%dflt::%AM0$%dflt/2#s9:1->16
the-algorithms-maths	number_of_digits.ts::%dflt::%AM0$%dflt/1#s7:0->8
the-algorithms-maths	number_of_digits.ts::%dflt::%AM0$%dflt/1#s7:1->12
the-algorithms-maths	pascals_triangle.ts::%dflt::%AM0$%dflt/1#s22:0->23
the-algorithms-maths	pascals_triangle.ts::%dflt::%AM0$%dflt/1#s22:1->38
the-algorithms-maths	pascals_triangle.ts::%dflt::%AM0$%dflt/1#s28:0->29
the-algorithms-maths	pascals_triangle.ts::%dflt::%AM0$%dflt/1#s28:1->33
the-algorithms-maths	pascals_triangle.ts::%dflt::%AM0$%dflt/1#s6:0->7
the-algorithms-maths	pascals_triangle.ts::%dflt::%AM0$%dflt/1#s6:1->39
the-algorithms-maths	pascals_triangle.ts::%dflt::%AM0$%dflt/1#s8:0->9
the-algorithms-maths	pascals_triangle.ts::%dflt::%AM0$%dflt/1#s8:1->14
the-algorithms-maths	perfect_number.ts::%dflt::%AM0$%dflt/1#s14:0->15
the-algorithms-maths	perfect_number.ts::%dflt::%AM0$%dflt/1#s14:1->24
the-algorithms-maths	perfect_number.ts::%dflt::%AM0$%dflt/1#s17:0->18
the-algorithms-maths	perfect_number.ts::%dflt::%AM0$%dflt/1#s17:1->21
the-algorithms-maths	perfect_number.ts::%dflt::%AM0$%dflt/1#s26:0->27
the-algorithms-maths	perfect_number.ts::%dflt::%AM0$%dflt/1#s26:1->28
the-algorithms-maths	perfect_number.ts::%dflt::%AM0$%dflt/1#s7:0->8
the-algorithms-maths	perfect_number.ts::%dflt::%AM0$%dflt/1#s7:1->10
the-algorithms-maths	prime_factorization.ts::%dflt::%AM0$%dflt/1#s12:0->13
the-algorithms-maths	prime_factorization.ts::%dflt::%AM0$%dflt/1#s12:1->20
the-algorithms-maths	prime_factorization.ts::%dflt::%AM0$%dflt/1#s15:0->16
the-algorithms-maths	prime_factorization.ts::%dflt::%AM0$%dflt/1#s15:1->19
the-algorithms-maths	prime_factorization.ts::%dflt::%AM0$%dflt/1#s24:0->25
the-algorithms-maths	prime_factorization.ts::%dflt::%AM0$%dflt/1#s24:1->30
the-algorithms-maths	prime_factorization.ts::%dflt::%AM0$%dflt/1#s27:0->28
the-algorithms-maths	prime_factorization.ts::%dflt::%AM0$%dflt/1#s27:1->31
the-algorithms-maths	prime_factorization.ts::%dflt::%AM0$%dflt/1#s8:0->9
the-algorithms-maths	prime_factorization.ts::%dflt::%AM0$%dflt/1#s8:1->23
the-algorithms-maths	primes.ts::%dflt::%AM0$%dflt/1#s13:0->14
the-algorithms-maths	primes.ts::%dflt::%AM0$%dflt/1#s13:1->16
the-algorithms-maths	primes.ts::%dflt::%AM0$%dflt/1#s19:0->20
the-algorithms-maths	primes.ts::%dflt::%AM0$%dflt/1#s19:1->28
the-algorithms-maths	primes.ts::%dflt::%AM0$%dflt/1#s22:0->23
the-algorithms-maths	primes.ts::%dflt::%AM0$%dflt/1#s22:1->25
the-algorithms-maths	primes.ts::%dflt::%AM0$%dflt/1#s7:0->8
the-algorithms-maths	primes.ts::%dflt::%AM0$%dflt/1#s7:1->12
the-algorithms-maths	primes.ts::%dflt::sieveOfEratosthenes/1#s19:0->20
the-algorithms-maths	primes.ts::%dflt::sieveOfEratosthenes/1#s19:1->32
the-algorithms-maths	primes.ts::%dflt::sieveOfEratosthenes/1#s22:0->23
the-algorithms-maths	primes.ts::%dflt::sieveOfEratosthenes/1#s22:1->31
the-algorithms-maths	primes.ts::%dflt::sieveOfEratosthenes/1#s25:0->26
the-algorithms-maths	primes.ts::%dflt::sieveOfEratosthenes/1#s25:1->28
the-algorithms-maths	primes.ts::%dflt::sieveOfEratosthenes/1#s37:0->38
the-algorithms-maths	primes.ts::%dflt::sieveOfEratosthenes/1#s37:1->45
the-algorithms-maths	primes.ts::%dflt::sieveOfEratosthenes/1#s40:0->41
the-algorithms-maths	primes.ts::%dflt::sieveOfEratosthenes/1#s40:1->42
the-algorithms-maths	primes.ts::%dflt::sieveOfEratosthenes/1#s7:0->8
the-algorithms-maths	primes.ts::%dflt::sieveOfEratosthenes/1#s7:1->12
the-algorithms-maths	pronic_number.ts::%dflt::%AM0$%dflt/1#s14:0->15
the-algorithms-maths	pronic_number.ts::%dflt::%AM0$%dflt/1#s14:1->19
the-algorithms-maths	pronic_number.ts::%dflt::%AM0$%dflt/1#s20:0->21
the-algorithms-maths	pronic_number.ts::%dflt::%AM0$%dflt/1#s20:1->23
the-algorithms-maths	pronic_number.ts::%dflt::%AM0$%dflt/1#s4:0->5
the-algorithms-maths	pronic_number.ts::%dflt::%AM0$%dflt/1#s4:1->9
the-algorithms-maths	sieve_of_eratosthenes.ts::%dflt::sieveOfEratosthenes/1#s20:0->21
the-algorithms-maths	sieve_of_eratosthenes.ts::%dflt::sieveOfEratosthenes/1#s20:1->34
the-algorithms-maths	sieve_of_eratosthenes.ts::%dflt::sieveOfEratosthenes/1#s23:0->24
the-algorithms-maths	sieve_of_eratosthenes.ts::%dflt::sieveOfEratosthenes/1#s23:1->31
the-algorithms-maths	sieve_of_eratosthenes.ts::%dflt::sieveOfEratosthenes/1#s27:0->28
the-algorithms-maths	sieve_of_eratosthenes.ts::%dflt::sieveOfEratosthenes/1#s27:1->30
the-algorithms-maths	sieve_of_eratosthenes.ts::%dflt::sieveOfEratosthenes/1#s7:0->8
the-algorithms-maths	sieve_of_eratosthenes.ts::%dflt::sieveOfEratosthenes/1#s7:1->12
the-algorithms-maths	signum.ts::%dflt::%AM0$%dflt/1#s11:0->12
the-algorithms-maths	signum.ts::%dflt::%AM0$%dflt/1#s11:1->14
the-algorithms-maths	signum.ts::%dflt::%AM0$%dflt/1#s3:0->4
the-algorithms-maths	signum.ts::%dflt::%AM0$%dflt/1#s3:1->6
the-algorithms-maths	signum.ts::%dflt::%AM0$%dflt/1#s7:0->8
the-algorithms-maths	signum.ts::%dflt::%AM0$%dflt/1#s7:1->10
the-algorithms-maths	square_root.ts::%dflt::%AM0$%dflt/2#s10:0->11
the-algorithms-maths	square_root.ts::%dflt::%AM0$%dflt/2#s10:1->13
the-algorithms-maths	square_root.ts::%dflt::%AM0$%dflt/2#s15:0->16
the-algorithms-maths	square_root.ts::%dflt::%AM0$%dflt/2#s15:1->25
the-algorithms-maths	square_root.ts::%dflt::%AM0$%dflt/2#s22:0->23
the-algorithms-maths	square_root.ts::%dflt::%AM0$%dflt/2#s22:1->24
the-algorithms-maths	square_root.ts::%dflt::%AM0$%dflt/2#s4:0->5
the-algorithms-maths	square_root.ts::%dflt::%AM0$%dflt/2#s4:1->9
the-algorithms-maths	ugly_numbers.ts::%dflt::uglyNumbers/0#s19:0->20
the-algorithms-maths	ugly_numbers.ts::%dflt::uglyNumbers/0#s19:1->22
the-algorithms-maths	ugly_numbers.ts::%dflt::uglyNumbers/0#s23:0->24
the-algorithms-maths	ugly_numbers.ts::%dflt::uglyNumbers/0#s23:1->26
the-algorithms-maths	ugly_numbers.ts::%dflt::uglyNumbers/0#s27:0->28
the-algorithms-maths	ugly_numbers.ts::%dflt::uglyNumbers/0#s27:1->30
the-algorithms-maths	ugly_numbers.ts::%dflt::uglyNumbers/0#s9:0->10
the-algorithms-maths	ugly_numbers.ts::%dflt::uglyNumbers/0#s9:1->31
typescript-algorithms	02-bigOnotation/01-big-o-intro.ts::%dflt::multiplicationTable/2#s14:0->15
typescript-algorithms	02-bigOnotation/01-big-o-intro.ts::%dflt::multiplicationTable/2#s14:1->33
typescript-algorithms	02-bigOnotation/01-big-o-intro.ts::%dflt::multiplicationTable/2#s21:0->22
typescript-algorithms	02-bigOnotation/01-big-o-intro.ts::%dflt::multiplicationTable/2#s21:1->30
typescript-algorithms	02-bigOnotation/01-big-o-intro.ts::%dflt::multiplicationTable/2#s7:0->8
typescript-algorithms	02-bigOnotation/01-big-o-intro.ts::%dflt::multiplicationTable/2#s7:1->11
typescript-algorithms	02-bigOnotation/01-big-o-intro.ts::%dflt::secondsInDays/1#s7:0->8
typescript-algorithms	02-bigOnotation/01-big-o-intro.ts::%dflt::secondsInDays/1#s7:1->12
typescript-algorithms	04-stack/decimal-to-base.ts::%dflt::decimalToBase/2#s18:0->19
typescript-algorithms	04-stack/decimal-to-base.ts::%dflt::decimalToBase/2#s18:1->24
typescript-algorithms	04-stack/decimal-to-base.ts::%dflt::decimalToBase/2#s27:0->28
typescript-algorithms	04-stack/decimal-to-base.ts::%dflt::decimalToBase/2#s27:1->29
typescript-algorithms	04-stack/decimal-to-base.ts::%dflt::decimalToBase/2#s31:0->32
typescript-algorithms	04-stack/decimal-to-base.ts::%dflt::decimalToBase/2#s31:1->34
typescript-algorithms	04-stack/decimal-to-base.ts::%dflt::decimalToBase/2#s7:0->8
typescript-algorithms	04-stack/decimal-to-base.ts::%dflt::decimalToBase/2#s7:1->12
typescript-algorithms	04-stack/decimal-to-base.ts::%dflt::decimalToBase64/2#s15:0->16
typescript-algorithms	04-stack/decimal-to-base.ts::%dflt::decimalToBase64/2#s15:1->49
typescript-algorithms	04-stack/decimal-to-base.ts::%dflt::decimalToBase64/2#s23:0->24
typescript-algorithms	04-stack/decimal-to-base.ts::%dflt::decimalToBase64/2#s23:1->29
typescript-algorithms	04-stack/decimal-to-base.ts::%dflt::decimalToBase64/2#s32:0->33
typescript-algorithms	04-stack/decimal-to-base.ts::%dflt::decimalToBase64/2#s32:1->43
typescript-algorithms	04-stack/decimal-to-base.ts::%dflt::decimalToBase64/2#s34:0->35
typescript-algorithms	04-stack/decimal-to-base.ts::%dflt::decimalToBase64/2#s34:1->42
typescript-algorithms	04-stack/decimal-to-base.ts::%dflt::decimalToBase64/2#s39:0->40
typescript-algorithms	04-stack/decimal-to-base.ts::%dflt::decimalToBase64/2#s39:1->41
typescript-algorithms	04-stack/decimal-to-base.ts::%dflt::decimalToBase64/2#s45:0->46
typescript-algorithms	04-stack/decimal-to-base.ts::%dflt::decimalToBase64/2#s45:1->48
typescript-algorithms	04-stack/decimal-to-base.ts::%dflt::decimalToBase64/2#s9:0->10
typescript-algorithms	04-stack/decimal-to-base.ts::%dflt::decimalToBase64/2#s9:1->14
typescript-algorithms	09-recursion/02-factorial.ts::%dflt::factorial/1#s10:0->11
typescript-algorithms	09-recursion/02-factorial.ts::%dflt::factorial/1#s10:1->13
typescript-algorithms	09-recursion/02-factorial.ts::%dflt::factorial/1#s3:0->4
typescript-algorithms	09-recursion/02-factorial.ts::%dflt::factorial/1#s3:1->6
typescript-algorithms	09-recursion/02-factorial.ts::%dflt::factorialIterative/1#s3:0->4
typescript-algorithms	09-recursion/02-factorial.ts::%dflt::factorialIterative/1#s3:1->6
typescript-algorithms	09-recursion/02-factorial.ts::%dflt::factorialIterative/1#s9:0->10
typescript-algorithms	09-recursion/02-factorial.ts::%dflt::factorialIterative/1#s9:1->13
typescript-algorithms	09-recursion/04-fibonacci.ts::%dflt::fibonacci/1#s3:0->4
typescript-algorithms	09-recursion/04-fibonacci.ts::%dflt::fibonacci/1#s3:1->8
typescript-algorithms	09-recursion/04-fibonacci.ts::%dflt::fibonacci/1#s9:0->10
typescript-algorithms	09-recursion/04-fibonacci.ts::%dflt::fibonacci/1#s9:1->11
typescript-algorithms	09-recursion/04-fibonacci.ts::%dflt::fibonacciIterative/1#s16:0->17
typescript-algorithms	09-recursion/04-fibonacci.ts::%dflt::fibonacciIterative/1#s16:1->22
typescript-algorithms	09-recursion/04-fibonacci.ts::%dflt::fibonacciIterative/1#s3:0->4
typescript-algorithms	09-recursion/04-fibonacci.ts::%dflt::fibonacciIterative/1#s3:1->8
typescript-algorithms	09-recursion/04-fibonacci.ts::%dflt::fibonacciIterative/1#s9:0->10
typescript-algorithms	09-recursion/04-fibonacci.ts::%dflt::fibonacciIterative/1#s9:1->11
typescript-algorithms	09-recursion/04-fibonacci.ts::%dflt::fibonacciMemoization/1#s3:0->4
typescript-algorithms	09-recursion/04-fibonacci.ts::%dflt::fibonacciMemoization/1#s3:1->8
